1;Zielona mila;1999
2;Forrest Gump;1994
3;Matrix;1999
4;Skazani na Shawshank;1994
5;Leon zawodowiec;1994
6;Shrek;2001
7;Avatar;2009
8;Gladiator;2000
9;Requiem dla snu;2000
10;Kac Vegas;2009
11;Titanic;1997
12;Piraci z Karaibów: Klątwa Czarnej Perły;2003
13;Szósty zmysł;1999
14;Władca Pierścieni: Drużyna Pierścienia;2001
15;Slumdog. Milioner z ulicy;2008
16;Seksmisja;1983
17;Szeregowiec Ryan;1998
18;Milczenie owiec;1991
19;Kod da Vinci;2006
20;Cast Away - poza światem;2000
21;Dzień świra;2002
22;Pulp Fiction;1994
23;Podziemny krąg;1999
24;Bękarty wojny;2009
25;American Beauty;1999
26;Siedem;1995
27;Truman Show;1998
28;Pianista;2002
29;Incepcja;2010
30;Efekt motyla;2004
31;Bruce Wszechmogący;2003
32;Ojciec chrzestny;1972
33;Wyspa tajemnic;2010
34;Mroczny Rycerz;2008
35;Król Lew;1994
36;Siedem dusz;2008
37;Epoka lodowcowa;2002
38;Ciekawy przypadek Benjamina Buttona;2008
39;Władca Pierścieni: Powrót króla;2003
40;Piękny umysł;2001
41;Nietykalni;2011
42;Jestem legendą;2007
43;Władca Pierścieni: Dwie wieże;2002
44;Mr. & Mrs. Smith;2005
45;Adwokat diabła;1997
46;Edward Nożycoręki;1990
47;Hooligans;2005
48;Sherlock Holmes;2009
49;Kiler;1997
50;American Pie;1999
51;Lśnienie;1980
52;Gran Torino;2008
53;300;2006
54;Kill Bill;2003
55;Braveheart - Waleczne Serce;1995
56;Piraci z Karaibów: Skrzynia umarlaka;2006
57;Kevin sam w domu;1990
58;Madagaskar;2005
59;Hannibal;2001
60;K-PAX;2001
61;Lejdis;2008
62;Diabeł ubiera się u Prady;2006
63;Powrót do przyszłości;1985
64;Park Jurajski;1993
65;Spider-Man;2002
66;Chłopaki nie płaczą;2000
67;Piąty element;1997
68;Miś;1980
69;Pan życia i śmierci;2005
70;Ace Ventura: Psi detektyw;1994
71;Zapach kobiety;1992
72;Troja;2004
73;Piraci z Karaibów: Na krańcu świata;2007
74;Alicja w Krainie Czarów;2010
75;Testosteron;2007
76;Batman - Początek;2005
77;Lista Schindlera;1993
78;Lot nad kukułczym gniazdem;1975
79;Harry Potter i Kamień Filozoficzny;2001
80;Charlie i fabryka czekolady;2005
81;Głupi i głupszy;1994
82;Wywiad z wampirem;1994
83;Pachnidło: Historia mordercy;2006
84;Helikopter w ogniu;2001
85;Filadelfia;1993
86;Django;2012
87;Harry Potter i Czara Ognia;2005
88;Harry Potter i więzień Azkabanu;2004
89;Transformers;2007
90;Zmierzch;2008
91;Co gryzie Gilberta Grape'a;1993
92;Stowarzyszenie Umarłych Poetów;1989
93;Hobbit: Niezwykła podróż;2012
94;Maska;1994
95;Prestiż;2006
96;Wojna światów;2005
97;Czarny łabędź;2010
98;1408;2007
99;Więzień nienawiści;1998
100;Infiltracja;2006
101;Za wszelką cenę;2004
102;Iron Man;2008
103;V jak vendetta;2005
104;Transporter;2002
105;Faceci w czerni;1997
106;Kac Vegas w Bangkoku;2011
107;Straszny film;2000
108;Uprowadzona;2008
109;Marzyciel;2004
110;Sin City - Miasto grzechu;2005
111;Terminator 2: Dzień sądu;1991
112;Obcy - 8. pasażer "Nostromo";1979
113;Mgła;2007
114;Sala samobójców;2011
115;Ja, robot;2004
116;Jak zostać królem;2010
117;Krwawy diament;2006
118;Sekretne okno;2004
119;Terminator;1984
120;Pamiętnik;2004
121;Poszukiwacze zaginionej Arki;1981
122;Opowieści z Narnii: Lew, czarownica i stara szafa;2005
123;Dziennik Bridget Jones;2001
124;Shrek 2;2004
125;Igrzyska śmierci;2012
126;Apollo 13;1995
127;Amelia;2001
128;Ostatni samuraj;2003
129;2012;2009
130;Armageddon;1998
131;Symetria;2003
132;WALL&middot;E;2008
133;Vinci;2004
134;Jestem Bogiem;2011
135;Gwiezdne wojny: Część IV - Nowa nadzieja;1977
136;Chłopcy z ferajny;1990
137;Skarb narodów;2004
138;Labirynt fauna;2006
139;Szybcy i wściekli;2001
140;Iluzjonista;2006
141;Jumanji;1995
142;Piraci z Karaibów: Na nieznanych wodach;2011
143;Casino Royale;2006
144;Hancock;2008
145;Deja Vu;2006
146;Dziewczyna z tatuażem;2011
147;Jak rozpętałem drugą wojnę światową;1969
148;Czerwony smok;2002
149;Indiana Jones i ostatnia krucjata;1989
150;Raport mniejszości;2002
151;Harry Potter i Insygnia Śmierci: Część II;2011
152;Mroczny Rycerz powstaje;2012
153;Jeździec bez głowy;1999
154;Sami swoi;1967
155;Dzień Niepodległości;1996
156;Joe Black;1998
157;Harry Potter i Zakon Feniksa;2007
158;Katyń;2007
159;Harry Potter i Komnata Tajemnic;2002
160;Chłopiec w pasiastej piżamie;2008
161;Constantine;2005
162;Job, czyli ostatnia szara komórka;2006
163;Ratatuj;2007
164;Dystrykt 9;2009
165;Sherlock Holmes: Gra cieni;2011
166;Gwiezdne wojny: Część I - Mroczne widmo;1999
167;Avengers 3D;2012
168;Skyfall;2012
169;12 małp;1995
170;Wszyscy jesteśmy Chrystusami;2006
171;Harry Potter i Insygnia Śmierci: Część I;2010
172;Złap mnie, jeśli potrafisz;2002
173;Ojciec chrzestny II;1974
174;Wojna polsko-ruska;2009
175;Poradnik pozytywnego myślenia;2012
176;Piła;2004
177;Dirty Dancing;1987
178;Trainspotting;1996
179;Choć goni nas czas;2007
180;Przekręt;2000
181;The Ring;2002
182;A.I. Sztuczna inteligencja;2001
183;Pasja;2004
184;Matrix Reaktywacja;2003
185;Inni;2001
186;Sweeney Todd: Demoniczny golibroda z Fleet Street;2007
187;Harry Potter i Książę Półkrwi;2009
188;Juno;2007
189;Człowiek z blizną;1983
190;Osada;2004
191;Step Up - Taniec zmysłów;2006
192;Gwiezdne wojny: Część V - Imperium kontratakuje;1980
193;Pojutrze;2004
194;Legalna blondynka;2001
195;Tożsamość Bourne'a;2002
196;Pearl Harbor;2001
197;Obcy - decydujące starcie;1986
198;Poranek kojota;2001
199;Czekolada;2000
200;To właśnie miłość;2003
201;Szklana pułapka;1988
202;Gwiezdne wojny: Część VI - Powrót Jedi;1983
203;Kevin sam w Nowym Jorku;1992
204;Wilk z Wall Street;2013
205;Terminal;2004
206;Wróg u bram;2001
207;Asterix i Obelix: Misja Kleopatra;2002
208;Jestem na tak;2008
209;Kill Bill 2;2004
210;Skazany na bluesa;2005
211;Eurotrip;2004
212;Szkoła uczuć;2002
213;Życie jest piękne;1997
214;Ted;2012
215;Desperado;1995
216;The Social Network;2010
217;Oszukać przeznaczenie;2000
218;Donnie Darko;2001
219;Next;2007
220;Wesele;2004
221;Batman;1989
222;Anioły i demony;2009
223;Poznaj moich rodziców;2004
224;Taksówkarz;1976
225;Aviator;2004
226;Vicky Cristina Barcelona;2008
227;Znaki;2002
228;Jumper;2008
229;Matrix Rewolucje;2003
230;Gnijąca panna młoda Tima Burtona;2005
231;Egzorcyzmy Emily Rose;2005
232;Mamma Mia!;2008
233;Grindhouse: Death Proof;2007
234;American Gangster;2007
235;Ocean's Eleven: Ryzykowna gra;2001
236;Blow;2001
237;Buntownik z wyboru;1997
238;Kiler-ów 2-óch;1999
239;Odlot;2009
240;Dziewiąte wrota;1999
241;Dzień, w którym zatrzymała się Ziemia;2008
242;Wszystko za życie;2007
243;Parnassus;2009
244;Telefon;2002
245;13 Dzielnica;2004
246;Iron Man 2;2010
247;Babel;2006
248;Klik: I robisz, co chcesz;2006
249;Podaj dalej;2000
250;Wściekłe psy;1992
251;To nie jest kraj dla starych ludzi;2007
252;Wrogowie publiczni;2009
253;Hobbit: Pustkowie Smauga;2013
254;W pogoni za szczęściem;2006
255;Mechaniczna pomarańcza;1971
256;Wanted - Ścigani;2008
257;Prawo zemsty;2009
258;Galerianki;2009
259;Wieczny student;2002
260;Epoka lodowcowa 2: Odwilż;2006
261;Gwiezdne wojny: Część III - Zemsta Sithów;2005
262;Tajemnica Brokeback Mountain;2005
263;Borat: Podpatrzone w Ameryce, aby Kazachstan rósł w siłę, a ludzie żyli dostatniej;2006
264;Karol - człowiek, który został papieżem;2005
265;Drive;2011
266;Equilibrium;2002
267;Przerwana lekcja muzyki;1999
268;Nie zadzieraj z fryzjerem;2008
269;Shrek Trzeci;2007
270;Psy;1992
271;Królestwo niebieskie;2005
272;Jak wytresować smoka;2010
273;Adrenalina;2006
274;Mumia;1999
275;Iluzja;2013
276;Memento;2000
277;Gra;1997
278;Wyspa;2005
279;Silent Hill;2006
280;Apocalypto;2006
281;Sok z żuka;1988
282;Listy do M.;2011
283;Wyznania gejszy;2005
284;Ghost Rider;2007
285;Miasto gniewu;2004
286;Tylko mnie kochaj;2006
287;Kolekcjoner kości;1999
288;Lektor;2008
289;Cube;1997
290;Człowiek w ogniu;2004
291;Transformers: Zemsta upadłych;2009
292;O północy w Paryżu;2011
293;Miasto Boga;2002
294;Służące;2011
295;Predator;1987
296;Jesteś Bogiem;2012
297;Dom zły;2009
298;Czas Apokalipsy;1979
299;Ultimatum Bourne'a;2007
300;Misery;1990
301;Imię róży;1986
302;Terminator: Ocalenie;2009
303;Nigdy w życiu!;2004
304;Gwiezdne wojny: Część II - Atak klonów;2002
305;Las Vegas Parano;1998
306;Narzeczony mimo woli;2009
307;Rocky;1976
308;60 sekund;2000
309;Drogówka;2013
310;Żywot Briana;1979
311;X-Men 2;2003
312;Gangi Nowego Jorku;2002
313;Łowca androidów;1982
314;Turysta;2010
315;Bad Boys;1995
316;8 Mila;2002
317;Saga "Zmierzch": Księżyc w nowiu;2009
318;Thor;2011
319;Underworld;2003
320;[Rec];2007
321;Od zmierzchu do świtu;1996
322;Madagaskar 2;2008
323;Święci z Bostonu;1999
324;Atlas chmur;2012
325;Młodzi gniewni;1995
326;Kod nieśmiertelności;2011
327;Robin Hood: Książę złodziei;1991
328;Szybcy i wściekli: Tokio Drift;2006
329;Van Helsing;2004
330;Iron Man 3;2013
331;To tylko seks;2011
332;Masz wiadomość;1998
333;Sierociniec;2007
334;Gdzie jest Nemo?;2003
335;Notting Hill;1999
336;Powrót do przyszłości II;1989
337;Igrzyska śmierci: W pierścieniu ognia;2013
338;Książę Persji: Piaski czasu;2010
339;Resident Evil;2002
340;Rzeka tajemnic;2003
341;Szkoła uwodzenia;1999
342;P.S. Kocham cię;2007
343;Oszukana;2008
344;Toy Story;1995
345;Kocha, lubi, szanuje;2011
346;Ojciec chrzestny III;1990
347;Prometeusz;2012
348;Dług;1999
349;Projekt X;2012
350;Katedra;2002
351;21 gramów;2003
352;Miasto aniołów;1998
353;X-Men;2000
354;Rain Man;1988
355;Gwiezdny pył;2007
356;Pretty Woman;1990
357;Za szybcy, za wściekli;2003
358;Drakula;1992
359;007 Quantum of Solace;2008
360;Zodiak;2007
361;X-Men Geneza: Wolverine;2009
362;50 pierwszych randek;2004
363;Romeo i Julia;1996
364;King Kong;2005
365;Salt;2010
366;Vabank;1981
367;Holiday;2006
368;Rambo: Pierwsza krew;1982
369;Niezniszczalni;2010
370;Speed: Niebezpieczna prędkość;1994
371;Poszukiwany, poszukiwana;1972
372;Monty Python i Święty Graal;1975
373;Billy Elliot;2000
374;Patriota;2000
375;Nic śmiesznego;1995
376;Powrót do przyszłości III;1990
377;Saga "Zmierzch": Zaćmienie;2010
378;Kasyno;1995
379;X-Men: Pierwsza klasa;2011
380;Uwierz w ducha;1990
381;Potwory i spółka;2001
382;Grawitacja;2013
383;Szklana pułapka 4.0;2007
384;Między słowami;2003
385;Marsjanie atakują!;1996
386;E.T.;1982
387;Aleksander;2004
388;Wielki Gatsby;2013
389;Krucjata Bourne'a;2004
390;Wyścig z czasem;2011
391;Fanatyk;2001
392;Zakochana złośnica;1999
393;Zanim odejdą wody;2010
394;Transformers 3;2011
395;Indiana Jones i Świątynia Zagłady;1984
396;Zakochany bez pamięci;2004
397;John Q.;2002
398;Zapowiedź;2009
399;Sens życia wg Monty Pythona;1983
400;Mroczne cienie;2012
401;Cztery pokoje;1995
402;American Psycho;2000
403;Zapaśnik;2008
404;Szybcy i wściekli 5;2011
405;Full Metal Jacket;1987
406;Dwunastu gniewnych ludzi;1957
407;Pi;1998
408;Spider-Man 2;2004
409;Lepiej późno niż później;2003
410;Piękna i Bestia;1991
411;Starsza pani musi zniknąć;2003
412;Zaplątani;2010
413;Szybko i wściekle;2009
414;Taxi;1998
415;American Pie: Zjazd absolwentów;2012
416;Ocean's Twelve: Dogrywka;2004
417;Pocahontas;1995
418;Toy Story 3;2010
419;Rejs;1970
420;Duma i uprzedzenie;2005
421;Moulin Rouge!;2001
422;American Pie 2;2001
423;Wciąż ją kocham;2010
424;Gorączka;1995
425;Bridget Jones: W pogoni za rozumem;2004
426;Numer 23;2007
427;Indiana Jones i Królestwo Kryształowej Czaszki;2008
428;Siedem lat w Tybecie;1997
429;Death Race: Wyścig śmierci;2008
430;Dzień świstaka;1993
431;Vanilla Sky;2001
432;Księga ocalenia;2010
433;Ace Ventura: Zew natury;1995
434;X-Men: Ostatni bastion;2006
435;Shrek Forever;2010
436;Twierdza;1996
437;Paranormal Activity;2007
438;Step Up 2;2008
439;2001: Odyseja kosmiczna;1968
440;Śniadanie u Tiffany'ego;1961
441;Kosmiczny mecz;1996
442;Ogniem i mieczem;1999
443;Nagi instynkt;1992
444;Millerowie;2013
445;Operacja Argo;2012
446;Nie ma mocnych;1974
447;Skarb narodów: Księga tajemnic;2007
448;Egzorcysta;1973
449;Faceci w czerni II;2002
450;American Pie: Wesele;2003
451;Noc w muzeum;2006
452;Pluton;1986
453;E=mc^;2002
454;500 dni miłości;2009
455;Saga "Zmierzch": Przed świtem. Część 1;2011
456;Spider-Man 3;2007
457;Królewna Śnieżka i Łowca;2012
458;Starcie tytanów;2010
459;Donnie Brasco;1997
460;Ocean's 13;2007
461;Mr. Nobody;2009
462;Jeden dzień;2011
463;Łowca jeleni;1978
464;Kung Fu Panda;2008
465;Plan doskonały;2006
466;Robin Hood;2010
467;Dyktator;2012
468;Dom nad jeziorem;2006
469;Kłamca, kłamca;1997
470;Mechanik;2004
471;Oszukać przeznaczenie 2;2003
472;Uśpieni;1996
473;Kapitan Phillips;2013
474;Zabójcza broń;1987
475;Star Trek;2009
476;Uczeń czarnoksiężnika;2010
477;Dziecko Rosemary;1968
478;Pani Doubtfire;1993
479;I że cię nie opuszczę;2012
480;World War Z;2013
481;Epoka lodowcowa 3: Era dinozaurów;2009
482;Kariera Nikosia Dyzmy;2002
483;Autor widmo;2010
484;Niesamowity Spider-Man;2012
485;Poznaj mojego tatę;2000
486;Maczeta;2010
487;Obecność;2013
488;Kac Vegas 3;2013
489;Jak stracić chłopaka w 10 dni;2003
490;Włoska robota;2003
491;Godziny;2002
492;Czego pragną kobiety;2000
493;Dziewczyna z sąsiedztwa;2004
494;xXx;2002
495;Wielki błękit;1988
496;Polowanie na Czerwony Październik;1990
497;Blair Witch Project;1999
498;Róża;2011
499;Big Lebowski;1998
500;Blade - Wieczny łowca;1998
501;Przebudzenie;2007
502;Captain America: Pierwsze starcie;2011
503;Droga do szczęścia;2008
504;Życie Pi 3D;2012
505;Transporter 2;2005
506;Brzydka prawda;2009
507;Pokłosie;2012
508;Kick-Ass;2010
509;Łatwa dziewczyna;2010
510;Red;2010
511;Szklana pułapka 3;1995
512;Kroniki Riddicka;2004
513;Ze śmiercią jej do twarzy;1992
514;Zombieland;2009
515;Szklana pułapka 2;1990
516;Miss Agent;2000
517;Pan Tadeusz;1999
518;Znachor;1981
519;Straszny film 2;2001
520;Ścigany;1993
521;Niezniszczalni 2;2012
522;Hitch: Najlepszy doradca przeciętnego faceta;2005
523;Faceci w czerni 3;2012
524;Lot;2012
525;Opowieści z Narnii: Książę Kaspian;2008
526;Niemożliwe;2012
527;Kogel-mogel;1988
528;Wyścig szczurów;2001
529;Sex Story;2011
530;Twój na zawsze;2010
531;Grindhouse: Planet Terror;2007
532;127 godzin;2010
533;Żona na niby;2011
534;Mission: Impossible;1996
535;The Hurt Locker. W pułapce wojny;2008
536;Kochanice króla;2008
537;Rytuał;2011
538;Gothika;2003
539;Słaby punkt;2007
540;Labirynt;2013
541;Pieniądze to nie wszystko;2001
542;Underworld: Evolution;2006
543;Rzeź;2011
544;Lara Croft: Tomb Raider;2001
545;Tańczący z wilkami;1990
546;Tajne przez poufne;2008
547;Kingsajz;1987
548;Zróbmy sobie wnuka;2003
549;Mulan;1998
550;Auta;2006
551;Jestem numerem cztery;2011
552;Dzień próby;2001
553;Sara;1997
554;Co nas kręci, co nas podnieca;2009
555;Szybcy i wściekli 6;2013
556;Saga "Zmierzch": Przed świtem. Część 2;2012
557;Wredne dziewczyny;2004
558;Ona to on;2006
559;Omen;1976
560;Pokuta;2007
561;Wszystko gra;2005
562;Imperium Słońca;1987
563;Wróg publiczny;1998
564;Lepiej być nie może;1997
565;Między piekłem a niebem;1998
566;Straszny film 3;2003
567;W ciemności;2011
568;Obcy 3;1992
569;Bracia;2009
570;Iniemamocni;2004
571;Król Artur;2004
572;Most do Terabithii;2007
573;Jaja w tropikach;2008
574;Bad Boys II;2003
575;Amadeusz;1984
576;Piła II;2005
577;Przeminęło z wiatrem;1939
578;Słodki listopad;2001
579;Nie lubię poniedziałku;1971
580;Drużyna A;2010
581;Szefowie wrogowie;2011
582;Szczęki;1975
583;Porachunki;1998
584;Dawno temu w Ameryce;1984
585;Angielska robota;2008
586;Strzelec;2007
587;Wszystko, co kocham;2009
588;Transporter 3;2008
589;RRRrrrr!!!;2004
590;Zakochany Szekspir;1998
591;Urodzeni mordercy;1994
592;Hitman;2007
593;Życie Carlita;1993
594;Polowanie na druhny;2005
595;Miłość i inne używki;2010
596;Skóra, w której żyję;2011
597;Och, Karol 2;2011
598;Cienka czerwona linia;1998
599;Oszukać przeznaczenie 3;2006
600;Niepamięć;2013
601;Idy marcowe;2011
602;Był sobie chłopiec;2002
603;Tożsamość;2011
604;Nostalgia anioła;2009
605;Pogromcy duchów;1984
606;Życie za życie;2003
607;Człowiek ringu;2005
608;Toy Story 2;1999
609;Źródło;2006
610;Witaj w klubie;2013
611;Akademia Policyjna;1984
612;Underworld: Bunt Lykanów;2009
613;9 kompania;2005
614;Spirited Away: W krainie Bogów;2001
615;Elizjum;2013
616;American Hustle;2013
617;Fighter;2010
618;Looper - Pętla czasu;2012
619;Obcy: Przebudzenie;1997
620;Zła kobieta;2011
621;Ptaki;1963
622;Mała Miss;2006
623;Evan Wszechmogący;2007
624;Thor: Mroczny świat;2013
625;Uprowadzona 2;2012
626;Przyczajony tygrys, ukryty smok;2000
627;Tato;1995
628;Mumia powraca;2001
629;Blues Brothers;1980
630;Wodny świat;1995
631;Coś;1982
632;Dirty Dancing 2;2004
633;Taxi 2;2000
634;Nie kłam, kochanie;2008
635;Grease;1978
636;Co się zdarzyło w Las Vegas;2008
637;Goście, goście;1993
638;Tron: Dziedzictwo;2010
639;Charlie;2012
640;Incredible Hulk;2008
641;Czas na miłość;2013
642;Cześć, Tereska;2001
643;Negocjator;1998
644;Gruby i chudszy;1996
645;Chicago;2002
646;Ostatni Mohikanin;1992
647;Człowiek ze stali;2013
648;Jasminum;2006
649;Surogaci;2009
650;Volver;2006
651;Merida Waleczna;2012
652;Ostatni król Szkocji;2006
653;Rewers;2009
654;Straszny film 4;2006
655;Bodyguard;1992
656;I kto to mówi;1989
657;Powrót Batmana;1992
658;Dziewczyna z perłą;2003
659;Wpadka;2007
660;Duża ryba;2003
661;Pół żartem, pół serio;1959
662;Wyścig;2013
663;Madagaskar 3;2012
664;Super zioło;2001
665;Top Gun;1986
666;Ciacho;2010
667;Kraina lodu;2013
668;Bogowie ulicy;2012
669;Les Miserables Nędznicy;2012
670;Pitch Black;2000
671;Księżna;2008
672;Terminator 3: Bunt maszyn;2003
673;Książę w Nowym Jorku;1988
674;Nietykalni;1987
675;Wielki Mike. The Blind Side;2009
676;Informator;1999
677;Naga broń: Z akt Wydziału Specjalnego;1988
678;Bliżej;2004
679;Zabójczy numer;2006
680;Lara Croft Tomb Raider: Kolebka życia;2003
681;Polowanie na czarownice;2011
682;Jeździec znikąd;2013
683;Duże dzieci;2010
684;Trzy metry nad niebem;2010
685;Cztery wesela i pogrzeb;1994
686;Resident Evil: Zagłada;2007
687;Watchmen. Strażnicy;2009
688;Dorwać byłą;2010
689;Casablanca;1942
690;Woda dla słoni;2011
691;21;2008
692;Upadek;1993
693;Król Lew II: Czas Simby;1998
694;Baby są jakieś inne;2011
695;Wejście Smoka;1973
696;Sam;2001
697;Hannibal. Po drugiej stronie maski;2007
698;Wichry namiętności;1994
699;17 Again;2009
700;Zaginiony Świat: Jurassic Park;1997
701;Herkules;1997
702;Pamiętnik księżniczki;2001
703;Wolverine;2013
704;Kobieta w czerni;2012
705;Bez przebaczenia;1992
706;Po prostu walcz!;2008
707;Listy do Julii;2010
708;Sucker Punch;2011
709;Resident Evil 2: Apokalipsa;2004
710;Pokojówka na Manhattanie;2002
711;Dorian Gray;2009
712;Rocky 2;1979
713;Niebiańska plaża;2000
714;Czas surferów;2005
715;Co się wydarzyło w Madison County;1995
716;Kołysanka;2010
717;Karol - papież, który pozostał człowiekiem;2006
718;Kwiat pustyni;2009
719;Plac Zbawiciela;2006
720;Koszmar z ulicy Wiązów;1984
721;Hellboy;2004
722;Rybki z ferajny;2004
723;Człowiek w żelaznej masce;1998
724;Spadkobiercy;2011
725;John Carter;2012
726;Wyznania zakupoholiczki;2009
727;Max Payne;2008
728;Geneza planety małp;2011
729;Musimy porozmawiać o Kevinie;2011
730;Taxi 3;2003
731;Mój przyjaciel Hachiko;2009
732;Och, życie;2010
733;Adrenalina 2. Pod napięciem;2009
734;Zabójcza broń 2;1989
735;Siedmiu samurajów;1954
736;Dobry, zły i brzydki;1966
737;Psy II: Ostatnia krew;1994
738;Epoka lodowcowa 4: Wędrówka kontynentów 3D;2012
739;Mission: Impossible 2;2000
740;Asterix i Obelix kontra Cezar;1999
741;Miasteczko South Park;1999
742;Con Air - lot skazańców;1997
743;Kochaj i tańcz;2009
744;Żelazna Dama;2011
745;Giganci ze stali;2011
746;Dla niej wszystko;2010
747;GoldenEye;1995
748;Sztuka spadania;2004
749;Johnny English;2003
750;Azyl;2002
751;Zakochany kundel;1955
752;Wzgórza mają oczy;2006
753;Wszystko o mojej matce;1999
754;W chmurach;2009
755;Ile waży koń trojański?;2008
756;Piła III;2006
757;Kobiety pragną bardziej;2009
758;Upiór w operze;2004
759;Blade: Wieczny łowca II;2002
760;Co mi zrobisz, jak mnie złapiesz;1978
761;Jabłka Adama;2005
762;Ona;2013
763;Ślubne wojny;2009
764;Bezsenność;2002
765;Zniewolony. 12 Years a Slave;2013
766;Cudowne dziecko;2007
767;Bardzo dziki Zachód;1999
768;Pamięć absolutna;2012
769;Dlaczego nie!;2007
770;Melancholia;2011
771;Obcy kontra Predator;2004
772;Mulholland Drive;2001
773;John Rambo;2008
774;27 sukienek;2008
775;Maska Zorro;1998
776;Przebudzenia;1990
777;Marley i Ja;2008
778;Pewnego razu w Meksyku: Desperado 2;2003
779;Bez mojej zgody;2009
780;Oldboy;2003
781;Amores perros;2000
782;Siła i honor;2000
783;Komornik;2005
784;25. godzina;2002
785;Zejście;2005
786;Batman Forever;1995
787;Ja, Irena i Ja;2000
788;American Pie: Wakacje;2005
789;1920 Bitwa Warszawska;2011
790;Porozmawiaj z nią;2002
791;Sposób na teściową;2005
792;Moon;2009
793;O dwóch takich, co poszli w miasto;2004
794;Ruchomy zamek Hauru;2004
795;Eagle Eye;2008
796;Skrzydlate świnie;2010
797;Wojownik;2011
798;Walentynki;2010
799;Nieustraszeni bracia Grimm;2005
800;Człowiek, który gapił się na kozy;2009
801;Skazaniec;2008
802;Brudny Harry;1971
803;Willow;1988
804;Władcy umysłów;2011
805;Dziennik zakrapiany rumem;2011
806;Zaczarowana;2007
807;Mój brat niedźwiedź;2003
808;C.K. Dezerterzy;1985
809;Bez twarzy;1997
810;Poznaj moich Spartan;2008
811;Zakochani w Rzymie;2012
812;Potop;1974
813;Eragon;2006
814;Pacific Rim;2013
815;Simpsonowie: Wersja kinowa;2007
816;Millennium: Mężczyźni, którzy nienawidzą kobiet;2009
817;Malena;2000
818;Mechanik: Prawo zemsty;2011
819;Mission: Impossible - Ghost Protocol;2011
820;Uciekająca panna młoda;1999
821;Niekończąca się opowieść;1984
822;Percy Jackson i Bogowie Olimpijscy: Złodziej Pioruna;2010
823;Szpieg;2011
824;Dom woskowych ciał;2005
825;Podejrzani;1995
826;Stary, gdzie moja bryka?;2000
827;Drugie oblicze;2012
828;Amityville;2005
829;Ostatnia piosenka;2010
830;Naga broń 33 1/3: Ostateczna zniewaga;1994
831;Czerwony Kapturek - Prawdziwa historia;2005
832;Teksańska masakra piłą mechaniczną;2003
833;Gliniarz z Beverly Hills;1984
834;Fargo;1996
835;Niepokonani;2010
836;Oczy szeroko zamknięte;1999
837;Naga broń 2 1/2: Kto obroni prezydenta?;1991
838;Underworld: Przebudzenie;2012
839;Zostań;2005
840;Anastazja;1997
841;Panaceum;2013
842;Dwa tygodnie na miłość;2002
843;28 dni później;2002
844;Frida;2002
845;Zawód: Szpieg;2001
846;Gangster;2012
847;Dom w głębi lasu;2012
848;Zabójcza broń 3;1992
849;Aniołki Charliego;2000
850;Robin Hood: Faceci w rajtuzach;1993
851;Jaś Fasola: Nadciąga totalny kataklizm;1997
852;Zakręcony piątek;2003
853;Dziewczyna w czerwonej pelerynie;2011
854;Kochaj albo rzuć;1977
855;Angielski pacjent;1996
856;Rocky 4;1985
857;Wakacje Jasia Fasoli;2007
858;Gniew tytanów;2012
859;Cinderella Story;2004
860;Druhny;2011
861;Bezsenność w Seattle;1993
862;Fantastyczna czwórka;2005
863;Doskonały świat;1993
864;Wykiwać klawisza;2005
865;101 Dalmatyńczyków;1961
866;Intruz;2013
867;Człowiek demolka;1993
868;Zatańcz ze mną;2004
869;Lęk pierwotny;1996
870;Big Love;2012
871;Zgon na pogrzebie;2007
872;Rambo II;1985
873;Don Jon;2013
874;Mała syrenka;1989
875;Wstyd;2011
876;Brunet wieczorową porą;1976
877;The Grudge - Klątwa;2004
878;Tenacious D: Kostka Przeznaczenia;2006
879;Oko;2008
880;Piknik pod Wiszącą Skałą;1975
881;Oszukać przeznaczenie 4;2009
882;Apartament;2004
883;Pan i Pani Kiler;2010
884;Gwiezdne wrota;1994
885;U Pana Boga za piecem;1998
886;Beowulf;2007
887;Hostel;2005
888;Droga bez powrotu;2003
889;Hero;2002
890;Quo vadis;2001
891;Fuks;1999
892;American Pie: Naga mila;2006
893;Grinch: świąt nie będzie;2000
894;Motyl i skafander;2007
895;Resident Evil: Afterlife;2010
896;Pacyfikator;2005
897;Sinister;2012
898;Planeta małp;2001
899;Antychryst;2009
900;Magic Mike;2012
901;Lustra;2008
902;Seks w wielkim mieście;2008
903;Ali G;2002
904;Pogoda na jutro;2003
905;Zamiana ciał;2011
906;Moneyball;2011
907;Oświadczyny po irlandzku;2010
908;Przeczucie;2007
909;Kruk;1994
910;Dom snów;2011
911;Absolwent;1967
912;Yuma;2012
913;Liga niezwykłych dżentelmenów;2003
914;Prosto w serce;2007
915;Była sobie dziewczyna;2009
916;Good Bye Lenin!;2003
917;American Pie: Bractwo Beta;2007
918;Czarny Czwartek. Janek Wiśniewski padł;2011
919;Step Up 3D;2010
920;Polowanie;2012
921;Blue Valentine;2010
922;Rocky Balboa;2006
923;Jarhead: Żołnierz piechoty morskiej;2005
924;Battleship: Bitwa o Ziemię;2012
925;Rocky 3;1982
926;Elita zabójców;2011
927;Pręgi;2004
928;Droga;2009
929;Człowiek pies;2005
930;Samotny mężczyzna;2009
931;Last Vegas;2013
932;Prawdziwe męstwo;2010
933;Rozmowy kontrolowane;1991
934;Niania w Nowym Jorku;2007
935;Galimatias, czyli "Kogel-mogel II";1989
936;Sęp;2012
937;Miasteczko Halloween;1993
938;Dawno temu w trawie;1998
939;Vabank II, czyli riposta;1984
940;3:10 do Yumy;2007
941;Hansel i Gretel: Łowcy czarownic;2013
942;Zakonnica w przebraniu;1992
943;W sieci kłamstw;2008
944;Sezon na misia;2006
945;Układ zamknięty;2013
946;Śmierć nadejdzie jutro;2002
947;Kontakt;1997
948;Niech będzie teraz;2012
949;Złoty kompas;2007
950;W pustyni i w puszczy;2001
951;Kot w butach;2011
952;Rekrut;2003
953;Burleska;2010
954;Pamięć absolutna;1990
955;Obłęd;2005
956;Blade: Mroczna Trójca;2004
957;Naznaczony;2010
958;Jak w niebie;2005
959;Opowieści z Narnii: Podróż Wędrowca do Świtu;2010
960;Jak ugryźć 10 milionów;2000
961;Obłędny rycerz;2001
962;Człowiek na krawędzi;2012
963;Hugo i jego wynalazek;2011
964;Legalna blondynka 2;2003
965;Różyczka;2010
966;Mission: Impossible III;2006
967;Niepokój;2007
968;Projekt: Monster;2008
969;Jedz, módl się, kochaj;2010
970;Francuski numer;2006
971;Trzy kolory: Niebieski;1993
972;Świadek koronny;2007
973;Krzyk;1996
974;Zabójcza broń 4;1998
975;Lemony Snicket: Seria niefortunnych zdarzeń;2004
976;Hellboy: Złota armia;2008
977;A więc wojna;2012
978;Erin Brockovich;2000
979;Byliśmy żołnierzami;2002
980;W ciemność. Star Trek;2013
981;Aż poleje się krew;2007
982;Godziny szczytu;1998
983;Dr Dolittle;1998
984;Ksiądz 3D;2011
985;Wściekły byk;1980
986;Garfield;2004
987;Duchy moich byłych;2009
988;High School Musical;2006
989;Honey;2003
990;Batman i Robin;1997
991;40-letni prawiczek;2005
992;Tajemnice Los Angeles;1997
993;Wybuchowa para;2010
994;Cinema Paradiso;1988
995;RoboCop;1987
996;Trener;2005
997;Dogville;2003
998;Kosmiczne jaja;1987
999;Z piekła rodem;2001
1000;Nieśmiertelny;1986
1001;Kawa i papierosy;2003
1002;Patrol;2006
1003;Powiedz tak;2001
1004;Sierota;2009
1005;Jak urodzić i nie zwariować;2012
1006;Dwóch gniewnych ludzi;2003
