1;Johnny Depp
2;Leonardo DiCaprio
3;Tom Hanks
4;Brad Pitt
5;Robert De Niro
6;Al Pacino
7;Morgan Freeman
8;Anthony Hopkins
9;Jack Nicholson
10;Bruce Willis
11;Helena Bonham Carter
12;Angelina Jolie
13;Edward Norton
14;Natalie Portman
15;Jim Carrey
16;Nicolas Cage
17;Quentin Tarantino
18;Robert Downey Jr.
19;Keira Knightley
20;Will Smith
21;Meryl Streep
22;Christian Bale
23;Ryan Gosling
24;Heath Ledger
25;Jason Statham
26;Clint Eastwood
27;Scarlett Johansson
28;Denzel Washington
29;Russell Crowe
30;Samuel L. Jackson
31;Gary Oldman
32;Sandra Bullock
33;Tim Burton
34;Penélope Cruz
35;Keanu Reeves
36;Kevin Spacey
37;Kate Winslet
38;Anne Hathaway
39;Hugh Laurie
40;Hugh Jackman
41;Mel Gibson
42;Liam Neeson
43;Colin Firth
44;Tom Cruise
45;Jake Gyllenhaal
46;Robin Williams
47;Sean Connery
48;Adam Sandler
49;Jennifer Aniston
50;Ewan McGregor
51;Nicole Kidman
52;Orlando Bloom
53;Jean Reno
54;Charlize Theron
55;Matt Damon
56;Bradley Cooper
57;Ralph Fiennes
58;Jude Law
59;Vin Diesel
60;Alan Rickman
61;Emma Watson
62;Cate Blanchett
63;Gerard Butler
64;Julia Roberts
65;Jessica Alba
66;Harrison Ford
67;Jerzy Stuhr
68;Woody Allen
69;George Clooney
70;Channing Tatum
71;Jennifer Lawrence
72;Cezary Pazura
73;Rachel McAdams
74;Cameron Diaz
75;Robert Pattinson
76;Kristen Stewart
77;Maciej Stuhr
78;Hugh Grant
79;Jared Leto
80;Sylvester Stallone
81;Christoph Waltz
82;Emma Stone
83;John Travolta
84;Marlon Brando
85;Mila Kunis
86;Robert Więckiewicz
87;Marcin Dorociński
88;Louis de Funès
89;Borys Szyc
90;Joseph Gordon-Levitt
91;Sean Penn
92;Mark Wahlberg
93;Ashton Kutcher
94;Michelle Pfeiffer
95;Matthew McConaughey
96;Ben Stiller
97;Reese Witherspoon
98;Daniel Craig
99;Marek Kondrat
100;Eddie Murphy
101;Uma Thurman
102;Jodie Foster
103;Amanda Seyfried
104;Steven Spielberg
105;Bogusław Linda
106;Rowan Atkinson
107;Rachel Weisz
108;Colin Farrell
109;Daniel Radcliffe
110;Antonio Banderas
111;Arnold Schwarzenegger
112;Hans Zimmer
113;Katherine Heigl
114;Monica Bellucci
115;Kate Beckinsale
116;Paul Walker
117;Woody Harrelson
118;Christopher Nolan
119;Ian Somerhalder
120;Dustin Hoffman
121;Milla Jovovich
122;Adrien Brody
123;Martin Scorsese
124;Catherine Zeta-Jones
125;Jackie Chan
126;Liv Tyler
127;Sean Bean
128;Kevin Costner
129;Kirsten Dunst
130;Ryan Reynolds
131;Ian McKellen
132;Ben Affleck
133;Roman Polański
134;Olivia Wilde
135;Steve Buscemi
136;Shia LaBeouf
137;Janusz Gajos
138;Winona Ryder
139;Viggo Mortensen
140;Owen Wilson
141;Christopher Walken
142;John Malkovich
143;Marion Cotillard
144;Gwyneth Paltrow
145;Tommy Lee Jones
146;Audrey Hepburn
147;Julianne Moore
148;Elijah Wood
149;Salma Hayek
150;Meg Ryan
151;Andrzej Grabowski
152;Dakota Fanning
153;Piotr Adamczyk
154;Tomasz Karolak
155;Leslie Nielsen
156;Michael Caine
157;Megan Fox
158;Renée Zellweger
159;Halle Berry
160;Joaquin Phoenix
161;Jennifer Connelly
162;Maggie Smith
163;Wentworth Miller
164;Audrey Tautou
165;Paweł Małaszyński
166;Neil Patrick Harris
167;Andrzej Chyra
168;Pierce Brosnan
169;Ellen Page
170;Kate Hudson
171;Drew Barrymore
172;David Fincher
173;Tom Hardy
174;James Franco
175;Clive Owen
176;Jennifer Lopez
177;James McAvoy
178;Sigourney Weaver
179;Bill Murray
180;Willem Dafoe
181;Piotr Fronczewski
182;Geoffrey Rush
183;Michael Fassbender
184;Stanley Kubrick
185;Javier Bardem
186;Jet Li
187;Zac Efron
188;Hilary Swank
189;Ed Harris
190;Michelle Rodriguez
191;Jeremy Irons
192;John Cusack
193;Eva Green
194;Jack Black
195;Joe Pesci
196;Tilda Swinton
197;Hugo Weaving
198;Whoopi Goldberg
199;Michael Douglas
200;Zooey Deschanel
201;Dwayne Johnson
202;Lindsay Lohan
203;Hilary Duff
204;Ridley Scott
205;Mads Mikkelsen
206;Steven Seagal
207;Jessica Biel
208;Naomi Watts
209;Marta Żmuda Trzebiatowska
210;Rupert Grint
211;Eva Mendes
212;Pedro Almodóvar
213;Benedict Cumberbatch
214;Peter Jackson
215;Josh Hartnett
216;Jean-Claude Van Damme
217;Daniel Day-Lewis
218;Patrick Swayze
219;Michał Żebrowski
220;Nina Dobrev
221;Daniel Olbrychski
222;Peter Dinklage
223;Judi Dench
224;David Duchovny
225;Zach Galifianakis
226;Danuta Stenka
227;Richard Gere
228;Jamie Foxx
229;Jarosław Boberek
230;Tomasz Kot
231;Kevin Bacon
232;Seann William Scott
233;Amy Adams
234;Diane Kruger
235;Elisha Cuthbert
236;Michael Clarke Duncan
237;Alfred Hitchcock
238;Mickey Rourke
239;Krystyna Feldman
240;David Lynch
241;Darren Aronofsky
242;Hayden Christensen
243;Tim Roth
244;Susan Sarandon
245;Chris Evans V
246;Benicio Del Toro
247;Amanda Bynes
248;Brittany Murphy
249;Miley Cyrus
250;Tobey Maguire
251;Michael C. Hall
252;Wesley Snipes
253;Justin Timberlake
254;Emma Thompson
255;Jeff Bridges
256;Marian Dziędziel
257;Jennifer Love Hewitt
258;Marilyn Monroe
259;Cuba Gooding Jr.
260;Wojciech Smarzowski
261;Wojciech Smarzowski
262;Leighton Meester
263;Jakub Gierszał
264;Sacha Baron Cohen
265;Mandy Moore
266;Tim Robbins
267;Eric Bana
268;Juliette Binoche
269;Charlie Sheen
270;Jensen Ackles
271;Maciej Zakościelny
272;John Williams
273;Jonathan Rhys Meyers
274;Forest Whitaker
275;Jacek Braciak
276;Martin Lawrence
277;James Cameron
278;Val Kilmer
279;Julia Stiles
280;Chris Hemsworth
281;Gérard Depardieu
282;Zbigniew Zamachowski
283;Ethan Hawke
284;Franciszek Pieczka
285;Zoe Saldana
286;Małgorzata Kożuchowska
287;Christina Ricci
288;Diane Keaton
289;Bill Nighy
290;Chad Michael Murray
291;Vanessa Hudgens
292;Małgorzata Socha
293;Gemma Arterton
294;Krzysztof Kieślowski
295;Philip Seymour Hoffman
296;Evangeline Lilly
297;Danny Trejo
298;Christopher Lee
299;Matthew Perry
300;Tom Felton
301;Lena Headey
302;Eva Longoria
303;Steve Carell
304;John Cleese
305;Sam Worthington
306;Robert Redford
307;Agnieszka Dygant
308;Martin Freeman
309;Mark Ruffalo
310;Blake Lively
311;Emily Blunt
312;Emma Roberts
313;Kristen Bell
314;Hayden Panettiere
315;Vince Vaughn
316;Demi Moore
317;Artur Żmijewski
318;Selena Gomez
319;Patrick Dempsey
320;Sarah Michelle Gellar
321;Cillian Murphy
322;Ed Westwick
323;Paris Hilton
324;Stephen King
325;Chlo&euml; Grace Moretz
326;Carey Mulligan
327;Jan Frycz
328;Tom Hiddleston
329;Alexander Skarsg&aring;rd
330;Stanley Tucci
331;Jennifer Garner
332;Harvey Keitel
333;Ashley Greene
334;Walt Disney
335;Anna Faris
336;Emilia Clarke
337;Laurence Fishburne
338;Hayao Miyazaki
339;Roma Gąsiorowska
340;Jeremy Renner
341;Alyson Hannigan
342;Francis Ford Coppola
343;Anna Przybylska
344;William Fichtner
345;Josh Hutcherson
346;Vera Farmiga
347;Paul Wesley
348;Amber Heard
349;Jesse Eisenberg
350;Ben Kingsley
351;Jim Sturgess
352;Stellan Skarsg&aring;rd
353;Krzysztof Kowalewski
354;Saoirse Ronan
355;Danny DeVito
356;Jordana Brewster
357;Ennio Morricone
358;Magdalena Różczka
359;Anna Mucha
360;Agata Kulesza
361;Ray Liotta
362;Donald Sutherland
363;Sharon Stone
364;Cam Gigandet
365;Vincent Cassel
366;Michael J. Fox
367;Josh Holloway
368;Sarah Jessica Parker
369;Alex Pettyfer
370;Brendan Fraser
371;Krystyna Janda
372;Gene Hackman
373;Luc Besson
374;Haley Joel Osment
375;Josh Duhamel
376;Claire Danes
377;Paul Bettany
378;Guy Ritchie
379;Ron Perlman
380;Kinga Preis
381;Lucy Liu
382;Wacław Kowalski
383;Bryan Cranston
384;Andy Garcia
385;Wojciech Mecwaldowski
386;Antoni Pawlicki
387;Charlie Hunnam
388;Cezary Żak
389;Lars von Trier
390;Anna Dereszowska
391;Adam Brody
392;Robert Duvall
393;Michelle Williams
394;Kathy Bates
395;Sam Rockwell
396;Joanna Brodzik
397;Shah Rukh Khan
398;Til Schweiger
399;Rob Schneider
400;Peter Stormare
401;Anna Paquin
402;Kurt Russell
403;Jennifer Morrison
404;Maja Ostaszewska
405;Norman Reedus
406;Rosario Dawson
407;Katarzyna Figura
408;Robert Rodriguez
409;Katie Holmes
410;Olaf Lubaszenko
411;Courteney Cox
412;Rose Byrne
413;Kaya Scodelario
414;Arkadiusz Jakubik
415;Sonia Bohosiewicz
416;Alec Baldwin
417;Paul Newman
418;Justin Bieber
419;Nicholas Hoult
420;Rachel Bilson
421;Adam Ferency
422;Katarzyna Cichopek
423;Stanisław Bareja
424;Vinnie Jones
425;Chuck Norris
426;Jenna Dewan-Tatum
427;Artur Barciś
428;Mirosław Zbrojewicz
429;Sophie Marceau
430;Ashley Tisdale
431;Mario Casas
432;Bruce Lee
433;Agnieszka Grochowska
434;Jason Segel
435;Ben Barnes
436;Helen Mirren
437;Akira Kurosawa
438;Isla Fisher
439;Jim Parsons
440;Agnieszka Włodarczyk
441;Logan Lerman
442;Helen Hunt
443;David Thewlis
444;Leon Niemczyk
445;Jan Englert
446;Jared Padalecki
447;Andrew Garfield
448;Bartłomiej Topa
449;Janusz Rewiński
450;Ryan Phillippe
451;Dominic Monaghan
452;Gary Sinise
453;Jessica Lange
454;Juliette Lewis
455;Ed O'Neill
456;Famke Janssen
457;Michael Keaton
458;Shane West
459;Jim Jarmusch
460;Glenn Close
461;Matthew Fox
462;Chris Pine
463;AnnaSophia Robb
464;Danny Glover
465;Elizabeth Banks
466;Rooney Mara
467;Terry Gilliam
468;Szymon Bobrowski
469;Magdalena Cielecka
470;Sarah Wayne Callies
471;Dennis Quaid
472;George Lucas
473;Jonah Hill
474;Andrzej Wajda
475;Carrie-Anne Moss
476;Michael Madsen
477;Mateusz Damięcki
478;Maciej Kozłowski
479;Uwe Boll
480;Roman Wilhelmi
481;Guy Pearce
482;Małgorzata Foremniak
483;Liam Hemsworth
484;Gael Garc&iacute;a Bernal
485;Matt LeBlanc
486;Aaron Eckhart
487;Abigail Breslin
488;Ziyi Zhang
489;Amanda Peet
490;Giovanni Ribisi
491;Seth Rogen
492;John Goodman
493;Juliusz Machulski
494;Witold Pyrkosz
495;Shailene Woodley
496;Robert Knepper
497;Aaron Paul
498;Jason Biggs
499;Freddie Highmore
500;Krzysztof Globisz
501;David Morse
502;Sophia Bush
503;Claire Forlani
504;Paul Rudd
505;Lisa Kudrow
506;Jeffrey Dean Morgan
507;Amy Smart
508;Chace Crawford
509;Tara Reid
510;Nikki Reed
511;Dominic Purcell
512;Vivien Leigh
513;Paweł Wilczak
514;Christina Applegate
515;Robert Sean Leonard
516;Kal Penn
517;Christian Slater
518;Will Ferrell
519;Olga Kurylenko
520;Alicja Bachleda-Curuś
521;Jackson Rathbone
522;Michael Gambon
523;Lily Collins
524;Marlon Wayans
525;Michelle Monaghan
526;Steve Martin
527;Anna Kendrick
528;Jim Caviezel
529;Tyrese Gibson
530;Mia Wasikowska
531;James Marsden
532;Michał Koterski
533;Mirosław Baka
534;Jakub Wesołowski
535;Justin Bartha
536;Dan Aykroyd
537;James Gandolfini
538;Mélanie Laurent
539;Maggie Gyllenhaal
540;Danny Elfman
541;Dolph Lundgren
542;Jamie Lee Curtis
543;Eryk Lubos
544;Macaulay Culkin
545;Charles Chaplin
546;Matthew Goode
547;Cobie Smulders
548;Yvonne Strahovski
549;Roberto Benigni
550;Joseph Fiennes
551;Natalia Oreiro
552;Jon Voight
553;Humphrey Bogart
554;Ben Foster
555;Don Cheadle
556;Hugh Dancy
557;Chris Tucker
558;Joseph Morgan
559;Christopher Lloyd
560;Kiefer Sutherland
561;Natasza Urbańska
562;Izabela Kuna
563;Sam Neill
564;Mark Strong
565;Rafał Mroczek
566;Chevy Chase
567;Kuba Wojewódzki
568;Emily Browning
569;Eminem
570;Edyta Olszówka
571;Marcin Bosak
572;Emile Hirsch
573;Michael Bay
574;Ben Whishaw
575;Peter Facinelli
576;Filip Bobek
577;Simon Pegg
578;Timothy Olyphant
579;Chris Rock
580;Kim Basinger
581;Jan Wieczorkowski
582;Jeff Goldblum
583;Ryszard Kotys
584;Mischa Barton
585;Odette Annable
586;Jan Machulski
587;Liev Schreiber
588;Emilie de Ravin
589;Howard Shore
590;Kevin Smith
591;Simon Baker
592;Noomi Rapace
593;Lisa Edelstein
594;Kellan Lutz
595;Kristin Scott Thomas
596;John Turturro
597;Djimon Hounsou
598;Zbigniew Buczkowski
599;Arielle Kebbel
600;Maggie Grace
601;Jennifer Carpenter
602;David Schwimmer
603;Ingmar Bergman
604;Krzysztof Kiersznowski
605;Robert Zemeckis
606;Billy Bob Thornton
607;Agata Buzek
608;Emir Kusturica
609;Tamara Arciuch
610;Marek Koterski
611;Tony Shalhoub
612;Xavier Dolan
613;Gabriel Macht
614;Marek Perepeczko
615;Kat Dennings
616;Jason Bateman
617;Ashley Benson
618;Izabella Scorupco
619;Evan Rachel Wood
620;Karl Urban
621;James Dean
622;Ellen Pompeo
623;Joel Coen
624;David Boreanaz
625;Ashley Judd
626;Michelle Trachtenberg
627;Aaron Taylor-Johnson
628;Jamie Campbell Bower
629;Rutger Hauer
630;Milo Ventimiglia
631;Stanisław Tym
632;Ken Watanabe
633;Diego Luna
634;Weronika Rosati
635;Marisa Tomei
636;Michał Milowicz
637;Alexis Bledel
638;John Hurt
639;Julia Kamińska
640;Janusz Kamiński
641;Laura Linney
642;Izabella Miko
643;Teri Hatcher
644;Kenneth Branagh
645;Magdalena Boczarska
646;Emmanuelle Chriqui
647;Robert Carlyle
648;Clint Mansell
649;Jesse Spencer
650;Kajol
651;Barry Pepper
652;Milo&scaron; Forman
653;Ali Larter
654;Bartosz Żukowski
655;Andy Serkis
656;Mary-Kate Olsen
657;Zach Braff
658;Rebecca Hall
659;Patrick Wilson
660;Marian Kociniak
661;Freddie Prinze Jr.
662;Gillian Anderson
663;Beyoncé Knowles
664;Mary Elizabeth Winstead
665;Kit Harington
666;Sean Faris
667;Johnny Knoxville
668;Michael Sheen
669;Diane Lane
670;Ice Cube
671;Candice Accola
672;Michael Jackson
673;Marcin Mroczek
674;Penn Badgley
675;Tomasz Sapryk
676;Joanna Jabłczyńska
677;Lesław Żurek
678;Andy Whitfield
679;Rosamund Pike
680;Carmen Electra
681;Jan Nowicki
682;Kevin James
683;Radosław Pazura
684;Alyssa Milano
685;Sławomir Orzechowski
686;Piper Perabo
687;Sergio Leone
688;Justin Long
689;Beata Tyszkiewicz
690;Misha Collins
691;Anna Dymna
692;Mena Suvari
693;Gregory Peck
694;Guillermo del Toro
695;Freida Pinto
696;Patrick Stewart
697;David Tennant
698;Paweł Deląg
699;Ashley Olsen
700;Matthew Macfadyen
701;Danuta Szaflarska
702;Robbie Coltrane
703;Mateusz Kościukiewicz
704;Doda
705;Jason Isaacs
706;Ilona Ostrowska
707;Karolina Gorczyca
708;Ethan Coen
709;Irena Kwiatkowska
710;Nick Nolte
711;Nick Nolte
712;Andrzej Seweryn
713;Gabriela Kownacka
714;Damon Wayans
715;Tomasz Dedek
716;Geena Davis
717;Henry Cavill
718;Marcia Cross
719;Karolina Gruszka
720;Selma Blair
721;Goldie Hawn
722;Robert Hoffman X
723;Krzysztof Stelmaszyk
724;Władysław Hańcza
725;Topher Grace
726;William H. Macy
727;John Rhys-Davies
728;Roger Moore
729;Rufus Sewell
730;Thandie Newton
731;Zbigniew Cybulski
732;Dianna Agron
733;Anna Cieślak
734;Eugene Levy
735;Jessica Chastain
736;Nikolaj Coster-Waldau
737;Paul Giamatti
738;Natascha McElhone
739;Kristin Kreuk
740;Sung Kang
741;Rafał Królikowski
742;Wiktor Zborowski
743;Julia Wróblewska
744;Robin Wright V
745;Kaley Cuoco
746;Emmy Rossum
747;Demi Lovato
748;Władysław Pasikowski
749;Matt Bomer
750;Sandra Oh
751;Zachary Quinto
752;Oliver Stone
753;Ellen Burstyn
754;Emily Deschanel
755;Sean Astin
756;Wes Anderson
757;Frank Darabont
758;Kyle MacLachlan
759;Queen Latifah
760;Heather Graham
761;Amaury Nolasco
762;Michael Cera
763;Luke Wilson
764;Katarzyna Bujakiewicz
765;Julie Walters
766;Steve McQueen
767;Josh Radnor
768;Omar Epps
769;Felicity Huffman
770;Taylor Momsen
771;Magdalena Schejbal
772;Tomasz Bagiński
773;Sienna Miller
774;Lucy Hale
775;Josh Brolin
776;Evanna Lynch
777;Wojciech Malajkat
778;Omar Sy
779;Robert Gonera
780;Charlotte Gainsbourg
781;Rhona Mitra
782;Bonnie Wright
783;Elizabeth Taylor
784;Aishwarya Rai Bachchan
785;Martin Sheen
786;Adam G. Sevani
787;Amber Tamblyn
788;Patricia Clarkson
789;Wojciech Kilar
790;Maria Bello
791;Claire Holt
792;Lauren Cohan
793;Aleksandr Domogarow
794;Camilla Belle
795;Dylan O'Brien
796;Katarzyna Glinka
797;Ving Rhames
798;Natalie Dormer
799;Wojciech Pokora
800;Bronisław Pawlik
801;Terry O'Quinn
802;Evan Peters
803;Maciej Musiał
804;Denise Richards
805;Joanna Liszowska
806;Ezra Miller
807;Seth MacFarlane
808;Olgierd Łukaszewicz
809;John Melendez IV
810;Brian De Palma
811;Brian De Palma
812;Kamilla Baar
813;Oliver James
814;Britney Spears
815;Joshua Jackson
816;Mary-Louise Parker
817;Briana Evigan
818;Jane Fonda
819;Terrence Howard
820;Marian Opania
821;Richard Armitage
822;Tobin Bell
823;Noah Wyle
824;Maisie Williams
825;Dennis Hopper
826;Terry Crews
827;Kat Graham
828;John C. Reilly
829;Eric Dane
830;Jessica Stroup
831;Clark Gable
832;Daniel Br&uuml;hl
833;Jennifer Coolidge
834;Krzysztof Pieczyński
835;Aneta Zając
836;Radha Mitchell
837;Andrew Lincoln
838;Paweł Królikowski
839;Alison Lohman
840;Rose McGowan
841;Robin Tunney
842;Kevin Zegers
843;Eliza Dushku
844;Jolanta Fraszyńska
845;Max von Sydow
846;Abbie Cornish
847;Krzysztof Stroiński
848;Adam Woronowicz
849;J.R.R. Tolkien
850;Naveen Andrews
851;Carla Gugino
852;Mikołaj Krawczyk
853;Michał Lorenc
854;Shannen Doherty
855;Andie MacDowell
856;Seth Green
857;James Horner
858;Jason Momoa
859;Matt Dillon
860;Phoebe Tonkin
861;Richard Harris
862;Richard Dean Anderson
863;Toni Collette
864;Rhys Ifans
865;Juno Temple
866;Jack Lemmon
867;John C. McGinley
868;Timothy Spall
869;Anna Popplewell
870;Idris Elba
871;Kevin Kline
872;Janusz Chabior
873;Shirley MacLaine
874;Christopher Lambert
875;David Wenham
876;Stanisława Celińska
877;Zbigniew Zapasiewicz
878;Jim Broadbent
879;Madonna
880;Mel Brooks
881;Brendan Gleeson
882;Dominic Cooper
883;Scott Adkins
884;Tomasz Schuchardt
885;Teresa Palmer
886;Bartosz Obuchowicz
887;Hannah Murray
888;Ian Holm
889;Rihanna
890;Alejandro González I&ntilde;árritu
891;James Cromwell
892;Matt Lanter
893;Damian Lewis
894;Christopher Plummer
895;Jaden Smith
896;Shannyn Sossamon
897;Eric Idle
898;Wiesław Gołas
899;Sofia Coppola
900;Agnieszka Holland
901;Isao Takahata
902;Agnieszka Holland
903;Pamela Anderson
904;Daryl Hannah
905;Gustaw Holoubek
906;Olga Bołądź
907;Sean Patrick Flanery
908;Alfred Molina
909;Kate Mara
910;Zdzisław Maklakiewicz
911;Jerzy Bończak
912;Li Gong
913;Jena Malone
914;Tom Welling
915;Olga Frycz
916;Sally Field
917;Lucy Lawless
918;Katharine Hepburn
919;Lauren Graham
920;Snoop Dogg
921;M. Night Shyamalan
922;Cezary Kosiński
923;Leelee Sobieski
924;Aleksandra Hamkało
925;Hilarie Burton
926;Renata Dancewicz
927;Aleksandra Woźniak
928;Katarzyna Maciąg
929;Samy Naceri
930;Dane Cook
931;Szymon Majewski
932;Julie Benz
933;Dawid Ogrodnik
934;Catherine Deneuve
935;Charles Bronson
936;50 Cent
937;Chris O'Donnell
938;Michael Mann
939;Katarzyna Herman
940;David Caruso
941;Paweł Wawrzecki
942;Lech Dyblik
943;Steven R. McQueen
944;Yôko Kanno
945;James Lafferty
946;Jan Himilsbach
947;Michael Pitt
948;Malcolm McDowell
949;Anthony Anderson
950;Téa Leoni
951;Kim Cattrall
952;Casey Affleck
953;Dev Patel
954;Danny Boyle
955;Michael Haneke
956;Łukasz Simlat
957;Jerzy Bińczycki
958;Tadeusz Łomnicki
959;Sasha Grey
960;Taylor Kitsch
961;Aaliyah
962;Ben McKenzie
963;Henryk Gołębiewski
964;James Belushi
965;Tupac Shakur
966;Elle Fanning
967;Jacek Koman
968;Sharlto Copley
969;Weronika Książkiewicz
970;Katie Cassidy
971;Eddie Redmayne
972;Bożena Dykiel
973;Jamel Debbouze
974;Jerzy Radziwiłowicz
975;Ed Helms
976;Justin Chambers
977;Piotr Cyrwus
978;Kristanna Loken
979;James Stewart
980;William Moseley
981;Tony Scott
982;William Moseley
983;Bartosz Opania
984;Romola Garai
985;James Woods
986;Alex O'Loughlin
987;Emmanuelle Seigner
988;Pete Postlethwaite
989;Billy Boyd
990;Shannon Elizabeth
991;Shannon Elizabeth
992;Christian Clavier
993;Georgie Henley
994;David Carradine
995;Katey Sagal
996;Dariusz Wolski
997;Michael Palin
998;Jeff Daniels
999;Mariusz Jakus
1000;Magdalena Kumorek
1001;Henry Fonda
1002;Robert Sheehan
1003;Dermot Mulroney
1004;Samaire Armstrong
1005;Magdalena Walach
1006;Matthew Lewis
1007;Tim Curry
1008;Julian McMahon
1009;Przemysław Cypryański
1010;Tomasz Bajer
1011;Jessica Simpson
1012;Peter Sarsgaard
1013;Stuart Townsend
1014;Ginnifer Goodwin
1015;Keri Russell
1016;Jerzy Turek
1017;Jodelle Ferland
1018;Luke Evans
1019;Sara Paxton
1020;Kelly Reilly
1021;Summer Glau
1022;Russell Brand
1023;Jan Jakub Kolski
1024;Grażyna Wolszczak
1025;Jada Pinkett Smith
1026;Anne Heche
1027;Tom Sizemore
1028;Brenda Song
1029;James Caan
1030;Matthew Broderick
1031;Josh Lucas
1032;Elizabeth Reaser
1033;Grażyna Błęcka-Kolska
1034;Franka Potente
1035;Matthew Davis
1036;Michael Shannon V
1037;Przemysław Sadowski
1038;Elizabeth Hurley
1039;Marcin Kowalczyk
1040;Emily Watson
1041;Jason Lee
1042;Katarzyna Zielińska
1043;Chris Cooper
1044;David Belle
1045;Corbin Bleu
1046;Faye Dunaway
1047;Shay Mitchell
1048;Ioan Gruffudd
1049;Jay Baruchel
1050;Emily Osment
1051;John Cho
1052;Julie Andrews
1053;Dave Franco
1054;Agnieszka Wagner
1055;Gaspard Ulliel
1056;Malin Åkerman
1057;Dominika Kluźniak
1058;Ray Winstone
1059;Mark Hamill
1060;Bryce Dallas Howard
1061;Leslie Mann
1062;Kirstie Alley
1063;Rachael Leigh Cook
1064;Facundo Arana
1065;Neve Campbell
1066;Kaja Paschalska
1067;Werner Herzog
1068;Toshirô Mifune
1069;Roselyn Sánchez
1070;Edward Furlong
1071;Meagan Good
1072;Greg Kinnear
1073;Ray Stevenson
1074;Paula Patton
1075;Ewa Kasprzyk
1076;John Wayne
1077;Stephen Dorff
1078;Robert Patrick
1079;Troian Bellisario
1080;Kerry Washington
1081;Ludacris
1082;Krzysztof Ibisz
1083;Zack Snyder
1084;John Carpenter
1085;Brittany Snow
1086;Thomas Jane
1087;Holly Valance
1088;Nathalie Kelley
1089;Bartłomiej Kasprzykowski
1090;Bob Hoskins
1091;Tom Waits
1092;Jason Dohring
1093;Przemysław Bluszcz
1094;Jack Gleeson
1095;Matthew Lillard
1096;Paul Dano
1097;Marek Walczewski
1098;Jerzy Trela
1099;Elisabeth Shue
1100;Joanna Kołaczkowska
1101;Michelle Yeoh
1102;Lance Henriksen
1103;AnnaLynne McCord
1104;James Purefoy
1105;Stan Lee
1106;Agnieszka Pilaszewska
1107;Kevin McKidd
1108;Urszula Grabowska
1109;Roland Emmerich
1110;Stephen Moyer
1111;Alicia Silverstone
1112;Walter Matthau
1113;Michael Emerson
1114;Vanessa Redgrave
1115;John Lithgow
1116;Federico Fellini
1117;Dorota Chotecka
1118;Theo James
1119;Dominika Ostałowska
1120;Piotr Rogucki
1121;Mike Myers
1122;Gabriel Byrne
1123;Frances McDormand
1124;Ingrid Bergman
1125;Bridget Moynahan
1126;Joanna Trzepiecińska
1127;Shiri Appleby
1128;Douglas Booth
1129;Natalia Tena
1130;Bill Pullman
1131;Amanda Crew
1132;Garrett Hedlund
1133;Carrie Fisher
1134;Britt Robertson
1135;Emil Karewicz
1136;Agnieszka Więdłocha
1137;Fran&ccedil;ois Cluzet
1138;Alexa PenaVega
1139;Kate Bosworth
1140;Willa Holland
1141;Freddie Mercury
1142;Mia Farrow
1143;Graham Chapman
1144;Piotr Zelt
1145;William Hurt
1146;Jonny Lee Miller
1147;Ewa Szykulska
1148;Maja Hirsch
1149;Bohdan Smoleń
1150;Rani Mukerji
1151;Jorge Garcia
1152;Gal Gadot
1153;Margot Robbie
1154;Wes Craven
1155;Lea Michele
1156;Emily Mortimer
1157;Joanna Koroniewska
1158;Kate Walsh
1159;Anna Guzik
1160;Sam Claflin
1161;Krysten Ritter
1162;Clémence Poésy
1163;Stanisław Mikulski
1164;Jason Mewes
1165;Rebecca Romijn
1166;Julie Delpy
1167;Yun-Fat Chow
1168;Charles Dance
1169;Sophia Myles
1170;Annette Bening
1171;Steve Zahn
1172;Grace Kelly
1173;Melissa McCarthy
1174;John Candy
1175;Marieta Żukowska
1176;Krystian Wieczorek
1177;Maite Perroni
1178;David Spade
1179;Sławomir Idziak
1180;Mateusz Pawłowski
1181;Sławomir Idziak
1182;Mateusz Pawłowski
1183;Billy Zane
1184;Wojciech Pszoniak
1185;Melissa Joan Hart
1186;David Bowie
1187;Daniel Gillies
1188;Eli Roth
1189;Rene Russo
1190;Joanna Kulig
1191;Bethany Joy Lenz
1192;Ron Howard
1193;Chris Klein
1194;Asa Butterfield
1195;Laurie Holden
1196;Barbra Streisand
1197;Aly Michalka
1198;Mr. T
1199;Bruce Campbell
1200;Jan Kobuszewski
1201;John Leguizamo
1202;Wojciech Zieliński
1203;John Hannah
1204;Krzysztof Majchrzak
1205;Gus Van Sant
1206;Cary Grant
1207;Thora Birch
1208;Leszek Lichota
1209;Thomas Newman
1210;Rachel Hurd-Wood
1211;Jaime Pressly
1212;Tom Berenger
1213;Timothy Dalton
1214;Katarzyna Kwiatkowska
1215;Peter Gallagher
1216;Danny Dyer
1217;Jenna Elfman
1218;Jane Lynch
1219;Robert Englund
1220;Natalia Rybicka
1221;Ken Jeong
1222;Mar&iacute;a Valverde
1223;Spike Lee
1224;Jesse Metcalfe
1225;Alyson Stoner
1226;Laura Dern
1227;Catherine Bell
1228;Rosie Huntington-Whiteley
1229;Anjelica Huston
1230;Henryk Bista
1231;Henryk Bista
1232;Lacey Chabert
1233;Tom Wilkinson
1234;Jonathan Bennett
1235;Shawn Wayans
1236;Benny Hill
1237;J.K. Rowling
1238;Burt Reynolds
1239;Andrzej Zieliński
1240;Donnie Yen
1241;Andrzej Zieliński
1242;Łukasz Płoszajski
1243;Kelly Hu
1244;Hanna Śleszyńska
1245;Christina Aguilera
1246;Stephen Fry
1247;Billy Burke
1248;Billy Crystal
1249;Kirk Douglas
1250;Patricia Arquette
1251;Jason Sudeikis
1252;Madeleine Stowe
1253;Sterling Knight
1254;Piotr Machalica
1255;Tola Szlagowska
1256;David Cronenberg
1257;Edyta Herbuś
1258;Skandar Keynes
1259;Gene Wilder
1260;Leslie Bibb
1261;John Corbett
1262;Leslie Bibb
1263;Ireneusz Czop
1264;Wojciech Cejrowski
1265;Bill Kaulitz
1266;Maggie Q
1267;Sof&iacute;a Vergara
1268;Cheech Marin
1269;Pola Raksa
1270;Lucas Black
1271;Lyndsy Fonseca
1272;Małgorzata Buczkowska
1273;Dariusz Gnatowski
1274;Eric Roberts
1275;Anthony Mackie
1276;Ewa Wencel
1277;Bohdan Łazuka
1278;Jake Abel
1279;Stephen Lang
1280;Jan A.P. Kaczmarek
1281;Michael Trevino
1282;Daria Widawska
1283;Jason Behr
1284;Sam Mendes
1285;Michael Biehn
1286;Bj&ouml;rk
1287;Elizabeth Mitchell
1288;Don Johnson
1289;Oliver Phelps
1290;Yann Tiersen
1291;Kristin Davis
1292;Devon Aoki
1293;Tim Allen
1294;Harold Perrineau
1295;Calista Flockhart
1296;Peter Sellers
1297;Luis Bu&ntilde;uel
1298;Katarzyna Żak
1299;Jarosław Jakimowicz
1300;Connie Nielsen
1301;Sienna Guillory
1302;Betty White
1303;Jean-Pierre Jeunet
1304;Tadeusz Huk
1305;Thomas Kretschmann
1306;Peter O'Toole
1307;Krzysztof Kolberger
1308;Romain Duris
1309;Andrzej Andrzejewski
1310;Andrew Scott
1311;Max Thieriot
1312;Nathan Fillion
1313;Bill Paxton
1314;Joan Cusack
1315;Aleksandra Szwed
1316;Jerry Bruckheimer
1317;Leonard Pietraszak
1318;Julia Pietrucha
1319;January Jones
1320;Anton Yelchin
1321;Cole Sprouse
1322;Sarah Chalke
1323;Marilyn Manson
1324;Morena Baccarin
1325;John Krasinski
1326;Vanessa Paradis
1327;J.J. Abrams
1328;Edyta Jungowska
1329;Miranda Otto
1330;Giuseppe Tornatore
1331;Luis Guzmán
1332;Max Irons
1333;Mieczysław Czechowicz
1334;Alan Andersz
1335;Goran Vi&scaron;njić
1336;Marek Bukowski
1337;Alice Braga
1338;Johnny Galecki
1339;Lizzy Caplan
1340;Dylan Sprouse
1341;Lee Pace
1342;Preity Zinta
1343;Manu Bennett
1344;Violetta Arlak
1345;Michael Jai White
1346;Antoni Królikowski
1347;Jaime King
1348;River Phoenix
1349;Terry Jones
1350;Peter Weir
1351;Rafał Cieszyński
1352;Dorota Segda
1353;Jeremy Piven
1354;Jessica Lowndes
1355;Jon Bernthal
1356;Chiwetel Ejiofor
1357;Christina Milian
1358;Stephen Amell
1359;Magdalena Mazur
1360;Wiesław Michnikowski
1361;Alexandre Desplat
1362;Victoria Justice
1363;Marcin Perchuć
1364;America Ferrera
1365;Jack O'Connell IV
1366;Edward Burns
1367;Scott Mechlowicz
1368;Rafał Mohr
1369;Ki-duk Kim
1370;Takeshi Kitano
1371;Alan D. Purwin
1372;Ciarán Hinds
1373;Hrithik Roshan
1374;Justin Chatwin
1375;Zbigniew Preisner
1376;Wes Bentley
1377;Jay Hernandez
1378;Andriej Tarkowski
1379;Sam Raimi
1380;Andrzej Mastalerz
1381;Bogusz Bilewski
1382;Andrzej Mastalerz
1383;Nicholas Sparks
1384;Colin Morgan
1385;Adewale Akinnuoye-Agbaje
1386;Ryan Stiles
1387;Imelda Staunton
1388;Thomas Brodie-Sangster
1389;Hulk Hogan
1390;Emilio Estevez
1391;Emilio Estevez
1392;Piotr Głowacki
1393;Mary Steenburgen
1394;Richard Madden
1395;Steven Soderbergh
1396;Christopher Eccleston
1397;James Earl Jones
1398;Gore Verbinski
1399;Anthony Quinn
1400;Kar Wai Wong
1401;Marek Włodarczyk
1402;Telly Savalas
1403;Holly Hunter
1404;Michał Żurawski
1405;Bogumił Kobiela
1406;John Cazale
1407;Paul Adelstein
1408;Frankie Muniz
1409;Ted Levine
1410;Marta Lipińska
1411;Kazimierz Kaczor
1412;Sylwester Maciejewski
1413;Steve Austin IV
1414;Sasha Pieterse
1415;Shenae Grimes
1416;Mark Harmon
1417;Lily Cole
1418;Elvis Presley
1419;Rafał Maćkowiak
1420;Scott Speedman
1421;Kacper Kuszewski
1422;Jeremy Clarkson
1423;Peter Falk
1424;Richard Jenkins
1425;Maria Niklińska
1426;Bette Davis
1427;Cary Elwes
1428;Steve Talley
1429;Piotr Polk
1430;Gina Gershon
1431;Marzena Kipiel-Sztuka
1432;Megan Follows
1433;Kathryn Morris
1434;Minnie Driver
1435;Donald Faison
1436;Peta Wilson
1437;Łukasz Garlicki
1438;Joanna Orleańska
1439;Brendan Fehr
1440;Vincent Gallo
1441;Michael Pe&ntilde;a
1442;Cory Monteith
1443;Joe Dempsie
1444;Roy Scheider
1445;Avril Lavigne
1446;Laura Prepon
1447;Hector Elizondo
1448;Jenna Jameson
1449;Dany Boon
1450;Dulce Mar&iacute;a
1451;Heather Locklear
1452;Deborah Ann Woll
1453;Bartosz Walaszek
1454;Jacek Poniedziałek
1455;Taissa Farmiga
1456;Michael Rooker
1457;Janusz Kłosiński
1458;Patricia Routledge
1459;Jane Seymour
1460;Vangelis
1461;Miles Teller
1462;Stephen Graham
1463;Jason Flemyng
1464;Alan Alda
1465;Michael Weatherly
1466;Cynthia Nixon
1467;Jackie Earle Haley
1468;Joanna Osyda
1469;David Henrie
1470;Bryan Greenberg
1471;Bailee Madison
1472;Ian McShane
1473;Joe Jonas
1474;Julia Ormond
1475;James Remar
1476;Jerzy Kryszak
1477;Jesse McCartney
1478;Anna Karczmarczyk
1479;Mia Kirshner
1480;Regina Hall
1481;Yunjin Kim
1482;Krzysztof Tyniec
1483;Julianne Hough
1484;Bam Margera
1485;Isabelle Fuhrman
1486;Karolina Rosińska
1487;Eli Wallach
1488;Brian Cox
1489;Alice Eve
1490;Sophia Loren
1491;Kevin Sorbo
1492;Bartłomiej Świderski
1493;Catherine Keener
1494;T.R. Knight
1495;Thomas Dekker
1496;Piotr Gulczyński
1497;Zbigniew Suszyński
1498;Daniel Auteuil
1499;Marek Frąckowiak
1500;Kristen Wiig
1501;Breckin Meyer
1502;Rebel Wilson
1503;Kathleen Turner
1504;DMX
1505;Zofia Merle
1506;Agnieszka Krukówna
1507;Brandon Lee
1508;Ang Lee
1509;Eddie Kaye Thomas
1510;F. Murray Abraham
1511;Teresa Lipowska
1512;James Newton Howard
1513;Zachary Levi
1514;Desmond Harrington
1515;Tomasz Ziętek
1516;Sarah Roemer
1517;Nicolas Winding Refn
1518;Missy Peregrym
1519;Ewa Gawryluk
1520;Viola Davis
1521;Laura Vandervoort
1522;Randy Quaid
1523;Oliver Platt
1524;Kazik Staszewski
1525;Lucas Grabeel
1526;Stana Katic
1527;Zdzisław Wardejn
1528;Liya Kebede
1529;Krzysztof Dracz
1530;Tomasz Stockinger
1531;Chandra Wilson
1532;Aidan Gillen
1533;Jacek Borusiński
1534;Kelly Macdonald
1535;Marcin Hycnar
1536;Charlton Heston
1537;Jessica Lucas
1538;Julianna Margulies
1539;Aidan Turner
1540;David Suchet
1541;Alec Guinness
1542;Cariba Heine
1543;Rachelle Lefevre
1544;Bárbara Mori
1545;Alexandra Daddario
1546;Linda Hamilton
1547;Adolf Dymsza
1548;Adam Goldberg
1549;Christopher Mintz-Plasse
1550;Magdalena Popławska
1551;Kalina Jędrusik
1552;Danielle Campbell
1553;Tia Carrere
1554;Isabelle Adjani
1555;Janusz Józefowicz
1556;Jerzy Hoffman
1557;Whitney Houston
1558;Sebastian Stan
1559;Jayma Mays
1560;Jacek Chmielnik
1561;Frédéric Diefenthal
1562;Mark Sheppard
1563;Andrzej Zaborski
1564;Nicollette Sheridan
1565;Ewa Skibińska
1566;Joel Edgerton
1567;Neal McDonough
1568;Bradley James
1569;Mos Def
1570;Emmanuelle Vaugier
1571;Andrzej Kopiczyński
1572;Sophie Turner IV
1573;Jessica Szohr
1574;Joel Schumacher
1575;Charlotte Rampling
1576;Tadeusz Fijewski
1577;Karol Strasburger
1578;Robert Górski
1579;Jon Favreau
1580;Aleksandra Zienkiewicz
1581;Katherine Moennig
1582;Hayley Atwell
1583;Jennie Garth
1584;Elena Anaya
1585;Steve Guttenberg
1586;Magdalena Wójcik
1587;Alfonso Cuarón
1588;Marcia Gay Harden
1589;Kevin Durand
1590;Piotr Pręgowski
1591;Meghan Markle
1592;Oded Fehr
1593;Iain Glen
1594;Kris Kristofferson
1595;Ewa Wiśniewska
1596;Melissa George
1597;Maja Frykowska
1598;Michał Lesień
1599;Steven Strait
1600;Miranda Richardson
1601;Kasia Smutniak
1602;Stephenie Meyer
1603;Taylor Swift
1604;David Strathairn
1605;William Levy
1606;Anah&iacute;
1607;Angelo Badalamenti
1608;Harry Gregson-Williams
1609;Kurt Cobain
1610;Alan Tudyk
1611;Catherine O'Hara
1612;Daniel Stern
1613;Mateusz Janicki
1614;David Zayas
1615;Lena Olin
1616;Tony Jaa
1617;Richard Pryor
1618;Alan Cumming
1619;Christine Baranski
1620;Steve Coogan
1621;Peter Mensah
1622;Patrick J. Adams
1623;Dane DeHaan
1624;Bronisław Wrocławski
1625;Sławomir Sulej
1626;Jan Peszek
1627;Daniel Dae Kim
1628;Jamie Chung
1629;Michael Vartan
1630;Rachael Taylor
1631;Adriana Lima
1632;Aidan Quinn
1633;Rob Zombie
1634;Roman Kłosowski
1635;Krzysztof Komeda
1636;Michał Wiśniewski
1637;Zofia Czerwińska
1638;Autumn Reeser
1639;Paweł Burczyk
1640;Warwick Davis
1641;Bartosz Gelner
1642;Billy Wilder
1643;Maja Komorowska
1644;Sarah Shahi
1645;Sydney Pollack
1646;Christopher Reeve
1647;Judy Greer
1648;Benjamin Bratt
1649;Arnold Vosloo
1650;Anna Friel
1651;Ian Harding V
1652;Mathieu Kassovitz
1653;Chlo&euml; Sevigny
1654;Sam Elliott
1655;James Spader
1656;Izabela Dąbrowska
1657;Adam Baldwin
1658;Chris Colfer
1659;Alan Arkin
1660;Rupert Everett
1661;Bill Cosby
1662;Orson Welles
1663;Rodrigo Santoro
1664;Wojciech Has
1665;Julia Kijowska
1666;Lauren Bacall
1667;Laurence Olivier
1668;James Denton
1669;Lynn Collins
1670;Magdalena Mielcarz
1671;Saffron Burrows
1672;Mark Dacascos
1673;Maria Pakulnis
1674;Sara Canning
1675;Eugeniusz Bodo
1676;Armie Hammer
1677;Shawn Ashmore
1678;Sarah Paulson
1679;Tori Spelling
1680;Kareena Kapoor
1681;Astrid Bergès-Frisbey
1682;Evan Handler
1683;Sissy Spacek
1684;Paul Thomas Anderson
1685;Tyler Hoechlin
1686;Chan-wook Park
1687;Henry Ian Cusick
1688;Wojciech Paszkowski
1689;Rachel Nichols
1690;Christina Hendricks
1691;Danielle Panabaker
1692;Olivia Williams
1693;Anna Ilczuk
1694;Bear Grylls
1695;Sarah Hyland
1696;Madeline Zima
1697;Blanca Suárez
1698;Metallica
1699;DJ Qualls
1700;Cary-Hiroyuki Tagawa
1701;Elias Koteas
1702;Tiffani Thiessen
1703;David Faustino
1704;Marek Siudym
1705;Rosanna Arquette
1706;Jerry O'Connell
1707;Chris Noth
1708;Keith David
1709;Domhnall Gleeson
1710;Jon Bon Jovi
1711;Ricky Gervais
1712;Sidney Lumet
1713;Adrianne Palicki
1714;Anne Bancroft
1715;Ewen Bremner
1716;Bridgit Mendler
1717;Lenny Kravitz
1718;Alina Janowska
1719;Jerzy Rogalski
1720;Chazz Palminteri
1721;Adam Garcia
1722;Jeremy Davies
1723;Jerzy Dobrowolski
1724;Sara Ramirez
1725;Method Man
1726;Jennifer Freeman
1727;Włodzimierz Press
1728;Peter Jacobson
1729;Elżbieta Jarosik
1730;Monica Potter
1731;Katarzyna Ankudowicz
1732;Lili Taylor
1733;Marcin Troński
1734;Paul W.S. Anderson
1735;William Sadler
1736;Mateusz Banasiuk
1737;Felicity Jones
1738;Rick Moranis
1739;Lee Van Cleef
1740;John Lennon
1741;Gabrielle Union
1742;Anna Seniuk
1743;Dominic West
1744;Andrzej Łapicki
1745;Sam Riley
1746;Bernardo Bertolucci
1747;Bolo Yeung
1748;Carice van Houten
1749;Dorota Kolak
1750;Joanna 'JoJo' Levesque
1751;Isabelle Huppert
1752;Sally Hawkins
1753;Danny Masterson
1754;Jean Dujardin
1755;George Peppard
1756;John Belushi
1757;Ellen Barkin
1758;Alan Silvestri
1759;Petr Zelenka
1760;Katheryn Winnick
1761;Aleksandra Kisio
1762;Władysław Kowalski
1763;Michał Lewandowski
1764;Dylan McDermott
1765;Sherilyn Fenn
1766;Claudia Cardinale
1767;Paz Vega
1768;Witold Dębicki
1769;Monika Mrozowska
1770;Melinda Clarke
1771;Jon Lovitz
1772;Jacek Kopczyński
1773;Thomas Ian Nicholas
1774;Joe Pantoliano
1775;Marcin Kwaśny
1776;Nick Frost
1777;Jan Jankowski
1778;Pauley Perrette
1779;Bridget Fonda
1780;Brigitte Bardot
1781;Jesse Bradford
1782;Pat Morita
1783;Travis Fimmel
1784;Mitchel Musso
1785;Gustaw Lutkiewicz
1786;Lee Marvin
1787;Klaudia Halejcio
1788;Anna Korcz
1789;Shakira
1790;Emilian Kamiński
1791;Krzysztof Dzierma
1792;Ed Speleers
1793;Fergie Duhamel
1794;Will Patton
1795;Katarzyna Gniewkowska
1796;Gene Kelly
1797;Joanna Kurowska
1798;Raoul Bova
1799;Mariusz Bonaszewski
1800;Melanie Griffith
1801;Alexz Johnson
1802;Dianne Wiest
1803;Baz Luhrmann
1804;David Yates
1805;Erica Durance
1806;Emmanuelle Béart
1807;Andy Wachowski
1808;Brad Dourif
1809;Katarzyna Skrzynecka
1810;Wojciech Solarz
1811;Dakota Blue Richards
1812;Cyril Raffaelli
1813;Michael Jordan
1814;Dean Norris
1815;Virginia Madsen
1816;Nick Jonas
1817;Ryszard Filipski
1818;Andrzej Nejman
1819;Romy Schneider
1820;Elton John
1821;Bruce Greenwood
1822;William Baldwin
1823;Maja Bohosiewicz
1824;Joan Allen
1825;Tom Selleck
1826;Izabela Trojanowska
1827;Kuno Becker
1828;Lady GaGa
1829;Arkadiusz Detmer
1830;Clark Gregg
1831;Jodi Lyn O'Keefe
1832;Brian Krause
1833;Matylda Damięcka
1834;Marta Wiśniewska
1835;Vincent Price
1836;Natalie Martinez
1837;Krzysztof Zanussi
1838;Maryla Rodowicz
1839;Natasha Henstridge
1840;Laura Samojłowicz
1841;Lasse Hallstr&ouml;m
1842;Peter MacNicol
1843;Jennifer Ehle
1844;Ryan Kwanten
1845;Agnieszka Warchulska
1846;Kelly Preston
1847;Kristin Bauer van Straten
1848;Andrzej Grabarczyk
1849;Debby Ryan
1850;Jacek Rozenek
1851;Mike Vogel
1852;Colin Hanks
1853;Frank Sinatra
1854;John Cena
1855;Kelly Rowan
1856;Michelangelo Antonioni
1857;Marcel Sabat
1858;Małgorzata Pieczyńska
1859;Jon Cryer
1860;Tina Fey
1861;Luke Pasqualino
1862;Chris Columbus
1863;Matthew Morrison
1864;Michael Rosenbaum
1865;Sarah Polley
1866;Amitabh Bachchan
1867;Anita Sokołowska
1868;Mitch Hewer
1869;Peja
1870;Andrzej Bartkowiak
1871;Linda Cardellini
1872;Octavia Spencer
1873;Jonathan Pryce
1874;Bronisław Cieślak
1875;Takeshi Kaneshiro
1876;Sergiusz Żymełka
1877;Waldemar Obłoza
1878;Iwan Rheon
1879;Dina Meyer
1880;Jerzy Skolimowski
1881;Mario Puzo
1882;Richard Dreyfuss
1883;Clea DuVall
1884;Jonathan Tucker
1885;Artur Dziurman
1886;Jennifer Beals
1887;Angie Harmon
1888;Fran&ccedil;ois Arnaud
1889;Jaime Murray
1890;Cybill Shepherd
1891;Crispin Glover
1892;Pink Floyd
1893;Billie Piper
1894;Kyle Chandler
1895;Jaimie Alexander
1896;Bernard Hill
1897;Marshall Allman
1898;Margarita Levieva
1899;Bernie Mac
1900;Abhishek Bachchan
1901;Belén Rueda
1902;Xzibit
1903;Krzysztof Czeczot
1904;Irène Jacob
1905;Ewa Ziętek
1906;Gabrielle Anwar
1907;Saif Ali Khan
1908;Simon Helberg
1909;Carly Pope
1910;Mark Pellegrino
1911;Jennifer Jason Leigh
1912;Bonnie Hunt
1913;Burt Lancaster
1914;Kris Marshall
1915;Patryk Vega
1916;Beverly D'Angelo
1917;Richard Curtis
1918;Katie Leung
1919;Rebecca De Mornay
1920;Jiř&iacute; Macháček
1921;Brooklyn Decker
1922;J.K. Simmons
1923;Amanda Righetti
1924;Gorden Kaye
1925;Klaus Kinski
1926;Swietłana Chodczenkowa
1927;George Carlin
1928;Vivica A. Fox
1929;Małgorzata Pieńkowska
1930;Lana Wachowski
1931;Steve-O
1932;Kelly Brook
1933;Fran Drescher
1934;Minka Kelly
1935;Vanessa Ferlito
1936;Drew Seeley
1937;Tony Leung Chiu Wai
1938;David Arquette
1939;Isaiah Washington
1940;Cliff Curtis
1941;Kyle Gallner
1942;Olivia Thirlby
1943;Luke Perry
1944;Michelle Fairley
1945;Piotr Swend
1946;Anthony Edwards
1947;Andrzej Młynarczyk
1948;Richard Chamberlain
1949;Anne Dudek
1950;Jerry Goldsmith
1951;Piotr Szwedes
1952;Jeffrey Wright
1953;Vanessa Williams V
1954;Zach Roerig
1955;Ariana Grande
1956;Ansel Elgort
1957;Vincent Perez
1958;Joanna Wizmur
1959;Neil Flynn
1960;Talia Shire
1961;Anna Prus
1962;Elisabeth Harnois
1963;Richard Burton
1964;Katarzyna Łaniewska
1965;Toby Jones
1966;Michał Piela
1967;Geraldine Chaplin
1968;Rob Corddry
1969;Jacek Borcuch
1970;Ronn Moss
1971;Sam Shepard
1972;Cezary Morawski
1973;Dennis Farina
1974;Wade Williams
1975;Andrzej Sekuła
1976;Marzena Trybała
1977;Mieczysław Hryniewicz
1978;Jack Davenport
1979;Holland Roden
1980;Nicola Peltz
1981;Carl Weathers
1982;Delroy Lindo
1983;Stefan Friedmann
1984;Emily VanCamp
1985;Ewa Błaszczyk
1986;Guillaume Canet
1987;Frank Langella
1988;Kelly Rutherford
1989;Hiroyuki Sanada
1990;Chris Carmack
1991;Elizabeth Olsen
1992;Marcello Mastroianni
1993;Jacek Mikołajczak
1994;James Wan
1995;Edward Żentara
1996;Alexa Davalos
1997;Wojciech Siemion
1998;Derek Jacobi
1999;Tyler Posey
2000;Janusz Bukowski
2001;Trent Reznor
2002;Thomas Haden Church
2003;Charlie Cox
2004;Drea de Matteo
2005;Terence Stamp
2006;Sela Ward
2007;LL Cool J
2008;Brooke Shields
2009;Joe Manganiello
2010;Wojciech Klata
